Category Level 1,Amount,Share
Taxes,40194.18,33.17815758786613
Direct,39461.13,32.57306380513974
Indirect,22729.01,18.761588757282404
Value,18762.19,15.487189849711724
